week,day,distance_ft,throws,intensity,drill_or_note,day_total_throws,volume
Week 1,Day 1,45.0,10.0,0.5,"High / pec load 10 at 30-8 throws, snapsnap rocker X 5, self toss X 5",,
Week 1,Day 2,45.0,10.0,0.5,"High / pec load 10 at 30-8 throws, snapsnap rocker X 5, self toss X 5",,
Week 1,Day 2,60.0,20.0,0.6,"Figure 8 rocker 25% of throws, half kneel start 25% of throws, in the hole 25% of throws, step back 25% of throws",,
Week 1,Day 2,75.0,10.0,0.7,"QB drop back 50% throws, lateral bound 50% throws",40,2145
Week 1,Day 3,45.0,10.0,0.5,"High / pec load 10 at 30-8 throws, snapsnap rocker X 5, self toss X 5",,
Week 1,Day 3,60.0,20.0,0.6,"Figure 8 rocker 25% of throws, half kneel start 25% of throws, in the hole 25% of throws, step back 25% of throws",,
Week 1,Day 3,75.0,20.0,0.7,"QB drop back 50% throws, lateral bound 50% throws",50,2670
Week 1,WEEK TOTAL,,,,,,6960
Week 2,Day 1,45.0,10.0,0.5,"High / pec load 10 at 30-8 throws, snapsnap rocker X 5, self toss X 5",,
Week 2,Day 1,60.0,10.0,0.6,"Figure 8 rocker 25% of throws, half kneel start 25% of throws, in the hole 25% of throws, step back 25% of throws",,
Week 2,Day 1,75.0,15.0,0.7,"QB drop back 50% throws, lateral bound 50% throws",,
Week 2,Day 1,90.0,10.0,0.75,,45,2722
Week 2,Day 2,45.0,10.0,0.5,"High / pec load 10 at 30-8 throws, snapsnap rocker X 5, self toss X 5",,
Week 2,Day 2,60.0,10.0,0.6,"Figure 8 rocker 25% of throws, half kneel start 25% of throws, in the hole 25% of throws, step back 25% of throws",,
Week 2,Day 2,75.0,8.0,0.7,"QB drop back 50% throws, lateral bound 50% throws",,
Week 2,Day 2,90.0,15.0,0.75,,,
Week 2,Day 2,60.0,10.0,0.6,,53,3052
Week 2,Day 3,45.0,10.0,0.5,"High / pec load 10 at 30-8 throws, snapsnap rocker X 5, self toss X 5",,
Week 2,Day 3,60.0,10.0,0.6,"Figure 8 rocker 25% of throws, half kneel start 25% of throws, in the hole 25% of throws, step back 25% of throws",,
Week 2,Day 3,75.0,15.0,0.7,"QB drop back 50% throws, lateral bound 50% throws",,
Week 2,Day 3,90.0,15.0,0.75,,,
Week 2,Day 3,60.0,10.0,0.6,,60,3420
Week 2,WEEK TOTAL,,,,,,9194
Week 3,Day 1,45.0,10.0,0.5,"High / pec load 10 at 30-8 throws, snapsnap rocker X 5, self toss X 5",,
Week 3,Day 1,60.0,10.0,0.6,"Figure 8 rocker 25% of throws, half kneel start 25% of throws, in the hole 25% of throws, step back 25% of throws",,
Week 3,Day 1,75.0,15.0,0.7,"QB drop back 50% throws, lateral bound 50% throws",,
Week 3,Day 1,90.0,15.0,0.75,,,
Week 3,Day 1,60.0,10.0,0.6,,60,3420
Week 3,Day 2,45.0,10.0,0.5,"High / pec load 10 at 30-8 throws, snapsnap rocker X 5, self toss X 5",,
Week 3,Day 2,60.0,10.0,0.6,"Figure 8 rocker 25% of throws, half kneel start 25% of throws, in the hole 25% of throws, step back 25% of throws",,
Week 3,Day 2,75.0,10.0,0.7,"QB drop back 50% throws, lateral bound 50% throws",,
Week 3,Day 2,90.0,20.0,0.75,,,
Week 3,Day 2,60.0,10.0,0.6,,60,3495
Week 3,Day 3,45.0,10.0,0.5,"High / pec load 10 at 30-8 throws, snapsnap rocker X 5, self toss X 5",,
Week 3,Day 3,60.0,10.0,0.6,"Figure 8 rocker 25% of throws, half kneel start 25% of throws, in the hole 25% of throws, step back 25% of throws",,
Week 3,Day 3,75.0,10.0,0.7,"QB drop back 50% throws, lateral bound 50% throws",,
Week 3,Day 3,90.0,10.0,0.75,,,
Week 3,Day 3,105.0,10.0,0.8,,,
Week 3,Day 3,90.0,3.0,0.75,,,
Week 3,Day 3,75.0,3.0,0.7,,,
Week 3,Day 3,60.0,10.0,0.6,,66,4020
Week 3,WEEK TOTAL,,,,,,10935
Week 4,Day 1,45.0,8.0,0.5,"High / pec load 10 at 30-8 throws, snapsnap rocker X 5, self toss X 5",,
Week 4,Day 1,60.0,8.0,0.6,"Figure 8 rocker 25% of throws, half kneel start 25% of throws, in the hole 25% of throws, step back 25% of throws",,
Week 4,Day 1,75.0,10.0,0.7,"QB drop back 50% throws, lateral bound 50% throws",,
Week 4,Day 1,90.0,20.0,0.75,,,
Week 4,Day 1,105.0,10.0,0.8,,,
Week 4,Day 1,90.0,3.0,0.8,80% on a line,,
Week 4,Day 1,75.0,6.0,0.8,80% on a line,65,3759
Week 4,Day 2,45.0,10.0,0.5,"High / pec load 10 at 30-8 throws, snapsnap rocker X 5, self toss X 5",,
Week 4,Day 2,60.0,5.0,0.6,"Figure 8 rocker 25% of throws, half kneel start 25% of throws, in the hole 25% of throws, step back 25% of throws",,
Week 4,Day 2,75.0,8.0,0.7,"QB drop back 50% throws, lateral bound 50% throws",,
Week 4,Day 2,90.0,25.0,0.75,,48,2512
Week 4,Day 3,45.0,8.0,0.5,"High / pec load 10 at 30-8 throws, snapsnap rocker X 5, self toss X 5",,
Week 4,Day 3,60.0,8.0,0.6,"Figure 8 rocker 25% of throws, half kneel start 25% of throws, in the hole 25% of throws, step back 25% of throws",,
Week 4,Day 3,75.0,10.0,0.7,"QB drop back 50% throws, lateral bound 50% throws",,
Week 4,Day 3,90.0,10.0,0.75,,,
Week 4,Day 3,105.0,10.0,0.8,,,
Week 4,Day 3,120.0,10.0,0.85,,,
Week 4,Day 3,90.0,3.0,0.8,80% on a line,,
Week 4,Day 3,75.0,6.0,0.8,80% on a line,65,4104
Week 4,WEEK TOTAL,,,,,,10375
Week 5,Day 1,45.0,8.0,0.5,"High / pec load 10 at 30-8 throws, snapsnap rocker X 5, self toss X 5",,
Week 5,Day 1,60.0,8.0,0.6,"Figure 8 rocker 25% of throws, half kneel start 25% of throws, in the hole 25% of throws, step back 25% of throws",,
Week 5,Day 1,75.0,8.0,0.7,"QB drop back 50% throws, lateral bound 50% throws",,
Week 5,Day 1,90.0,8.0,0.75,,,
Week 5,Day 1,105.0,20.0,0.8,,,
Week 5,Day 1,120.0,10.0,0.85,,,
Week 5,Day 1,90.0,4.0,0.8,80% on a line,,
Week 5,Day 1,75.0,5.0,0.8,80% on a line,71,4716
Week 5,Day 2,45.0,10.0,0.5,"High / pec load 10 at 30-8 throws, snapsnap rocker X 5, self toss X 5",,
Week 5,Day 2,60.0,5.0,0.6,"Figure 8 rocker 25% of throws, half kneel start 25% of throws, in the hole 25% of throws, step back 25% of throws",,
Week 5,Day 2,75.0,8.0,0.7,"QB drop back 50% throws, lateral bound 50% throws",,
Week 5,Day 2,90.0,10.0,0.75,,,
Week 5,Day 2,105.0,10.0,0.8,,,
Week 5,Day 2,50.0,15.0,0.8,"On the bump, move plate in to 50 feet ; groove fastball",58,2500
Week 5,Day 3,45.0,8.0,0.5,"High / pec load 10 at 30-8 throws, snapsnap rocker X 5, self toss X 5",,
Week 5,Day 3,60.0,8.0,0.6,"Figure 8 rocker 25% of throws, half kneel start 25% of throws, in the hole 25% of throws, step back 25% of throws",,
Week 5,Day 3,75.0,5.0,0.7,"QB drop back 50% throws, lateral bound 50% throws",,
Week 5,Day 3,90.0,5.0,0.75,,,
Week 5,Day 3,105.0,15.0,0.8,,,
Week 5,Day 3,120.0,15.0,0.85,,,
Week 5,Day 3,90.0,3.0,0.88,85-90% on a line,,
Week 5,Day 3,75.0,3.0,0.88,85-90% on a line,,
Week 5,Day 3,60.0,12.0,0.75,,74,4833
Week 5,WEEK TOTAL,,,,,,12049
Week 6,Day 1,45.0,8.0,0.5,"High / pec load 10 at 30-8 throws, snapsnap rocker X 5, self toss X 5",,
Week 6,Day 1,60.0,8.0,0.6,"Figure 8 rocker 25% of throws, half kneel start 25% of throws, in the hole 25% of throws, step back 25% of throws",,
Week 6,Day 1,75.0,5.0,0.7,"QB drop back 50% throws, lateral bound 50% throws",,
Week 6,Day 1,90.0,5.0,0.75,,,
Week 6,Day 1,105.0,10.0,0.8,,,
Week 6,Day 1,120.0,10.0,0.85,,,
Week 6,Day 1,105.0,3.0,1.0,pulldown,,
Week 6,Day 1,90.0,3.0,1.0,pulldown,,
Week 6,Day 1,60.0,10.0,0.75,,,
Week 6,Day 1,50.0,20.0,0.8,"On the bump, move plate in to 50 feet ; groove fastball",81,4763
Week 6,Day 2,45.0,10.0,0.5,"High / pec load 10 at 30-8 throws, snapsnap rocker X 5, self toss X 5",,
Week 6,Day 2,60.0,5.0,0.6,"Figure 8 rocker 25% of throws, half kneel start 25% of throws, in the hole 25% of throws, step back 25% of throws",,
Week 6,Day 2,75.0,8.0,0.7,"QB drop back 50% throws, lateral bound 50% throws",,
Week 6,Day 2,90.0,8.0,0.75,,,
Week 6,Day 2,105.0,15.0,0.8,,46,2625
Week 6,Day 3,45.0,10.0,0.5,"High / pec load 10 at 30-8 throws, snapsnap rocker X 5, self toss X 5",,
Week 6,Day 3,60.0,5.0,0.6,"Figure 8 rocker 25% of throws, half kneel start 25% of throws, in the hole 25% of throws, step back 25% of throws",,
Week 6,Day 3,75.0,8.0,0.7,"QB drop back 50% throws, lateral bound 50% throws",,
Week 6,Day 3,90.0,8.0,0.75,,,1365
Week 6,Day 4,45.0,8.0,0.5,"High / pec load 10 at 30-8 throws, snapsnap rocker X 5, self toss X 5",,
Week 6,Day 4,60.0,8.0,0.6,"Figure 8 rocker 25% of throws, half kneel start 25% of throws, in the hole 25% of throws, step back 25% of throws",,
Week 6,Day 4,75.0,5.0,0.7,"QB drop back 50% throws, lateral bound 50% throws",,
Week 6,Day 4,90.0,5.0,0.75,,,
Week 6,Day 4,105.0,10.0,0.8,,,
Week 6,Day 4,120.0,10.0,0.85,,,
Week 6,Day 4,105.0,3.0,1.0,pulldown,,
Week 6,Day 4,90.0,3.0,1.0,pulldown,,
Week 6,Day 4,60.0,10.0,0.75,,,
Week 6,Day 4,50.0,20.0,0.8,"On the bump, move plate in to 50 feet ; groove fastball",,4763
Week 6,WEEK TOTAL,,,,,,13516
Week 7,Day 1,45.0,8.0,0.5,"High / pec load 10 at 30-8 throws, snapsnap rocker X 5, self toss X 5",,
Week 7,Day 1,60.0,8.0,0.6,"Figure 8 rocker 25% of throws, half kneel start 25% of throws, in the hole 25% of throws, step back 25% of throws",,
Week 7,Day 1,75.0,5.0,0.7,"QB drop back 50% throws, lateral bound 50% throws",,
Week 7,Day 1,90.0,5.0,0.75,,,
Week 7,Day 1,105.0,8.0,0.8,,,
Week 7,Day 1,120.0,5.0,0.85,,,
Week 7,Day 1,105.0,2.0,1.0,pulldown,,
Week 7,Day 1,90.0,2.0,1.0,pulldown,,
Week 7,Day 1,60.0,10.0,0.75,pitch grips,,
Week 7,Day 1,60.0,20.0,0.8,fastball - bullpen,,4050
Week 7,Day 2,45.0,10.0,0.5,"High / pec load 10 at 30-8 throws, snapsnap rocker X 5, self toss X 5",,
Week 7,Day 2,60.0,5.0,0.6,"Figure 8 rocker 25% of throws, half kneel start 25% of throws, in the hole 25% of throws, step back 25% of throws",,
Week 7,Day 2,75.0,8.0,0.7,"QB drop back 50% throws, lateral bound 50% throws",,
Week 7,Day 2,90.0,8.0,0.75,,,
Week 7,Day 2,105.0,15.0,0.8,,,2625
Week 7,Day 3,45.0,10.0,0.5,"High / pec load 10 at 30-8 throws, snapsnap rocker X 5, self toss X 5",,
Week 7,Day 3,60.0,5.0,0.6,"Figure 8 rocker 25% of throws, half kneel start 25% of throws, in the hole 25% of throws, step back 25% of throws",,
Week 7,Day 3,75.0,8.0,0.7,"QB drop back 50% throws, lateral bound 50% throws",,
Week 7,Day 3,90.0,8.0,0.75,,,1365
Week 7,Day 4,45.0,8.0,0.5,"High / pec load 10 at 30-8 throws, snapsnap rocker X 5, self toss X 5",,
Week 7,Day 4,60.0,8.0,0.6,"Figure 8 rocker 25% of throws, half kneel start 25% of throws, in the hole 25% of throws, step back 25% of throws",,
Week 7,Day 4,75.0,5.0,0.7,"QB drop back 50% throws, lateral bound 50% throws",,
Week 7,Day 4,90.0,5.0,0.75,,,
Week 7,Day 4,105.0,8.0,0.8,,,
Week 7,Day 4,120.0,5.0,0.85,,,
Week 7,Day 4,105.0,2.0,1.0,pulldown,,
Week 7,Day 4,90.0,2.0,1.0,pulldown,,
Week 7,Day 4,60.0,10.0,0.75,pitch grips,,
Week 7,Day 4,60.0,20.0,0.8,fastball - bullpen,,4050
Week 7,WEEK TOTAL,,,,,,12090
Week 8,Day 1,45.0,8.0,0.5,"High / pec load 10 at 30-8 throws, snapsnap rocker X 5, self toss X 5",,
Week 8,Day 1,60.0,8.0,0.6,"Figure 8 rocker 25% of throws, half kneel start 25% of throws, in the hole 25% of throws, step back 25% of throws",,
Week 8,Day 1,75.0,5.0,0.7,"QB drop back 50% throws, lateral bound 50% throws",,
Week 8,Day 1,90.0,5.0,0.75,,,
Week 8,Day 1,105.0,8.0,0.8,,,
Week 8,Day 1,120.0,5.0,0.85,,,
Week 8,Day 1,105.0,3.0,1.0,pulldown,,
Week 8,Day 1,90.0,3.0,1.0,pulldown,,
Week 8,Day 1,60.0,10.0,0.75,pitch grips,,
Week 8,Day 1,60.0,25.0,0.8,fastball - bullpen,,4485
Week 8,Day 2,45.0,10.0,0.5,"High / pec load 10 at 30-8 throws, snapsnap rocker X 5, self toss X 5",,
Week 8,Day 2,60.0,5.0,0.6,"Figure 8 rocker 25% of throws, half kneel start 25% of throws, in the hole 25% of throws, step back 25% of throws",,
Week 8,Day 2,75.0,8.0,0.7,"QB drop back 50% throws, lateral bound 50% throws",,
Week 8,Day 2,90.0,8.0,0.75,,,
Week 8,Day 2,105.0,15.0,0.8,,,2625
Week 8,Day 3,45.0,10.0,0.5,"High / pec load 10 at 30-8 throws, snapsnap rocker X 5, self toss X 5",,
Week 8,Day 3,60.0,5.0,0.6,"Figure 8 rocker 25% of throws, half kneel start 25% of throws, in the hole 25% of throws, step back 25% of throws",,
Week 8,Day 3,75.0,8.0,0.7,"QB drop back 50% throws, lateral bound 50% throws",,
Week 8,Day 3,90.0,8.0,0.75,,,1365
Week 8,Day 4,45.0,8.0,0.5,"High / pec load 10 at 30-8 throws, snapsnap rocker X 5, self toss X 5",,
Week 8,Day 4,60.0,8.0,0.6,"Figure 8 rocker 25% of throws, half kneel start 25% of throws, in the hole 25% of throws, step back 25% of throws",,
Week 8,Day 4,75.0,5.0,0.7,"QB drop back 50% throws, lateral bound 50% throws",,
Week 8,Day 4,90.0,5.0,0.75,,,
Week 8,Day 4,105.0,8.0,0.8,,,
Week 8,Day 4,120.0,5.0,0.85,,,
Week 8,Day 4,105.0,3.0,1.0,pulldown,,
Week 8,Day 4,90.0,3.0,1.0,pulldown,,
Week 8,Day 4,60.0,10.0,0.75,pitch grips,,
Week 8,Day 4,60.0,25.0,0.8,fastball - bullpen,,4485
Week 8,WEEK TOTAL,,,,,,12960
Week 9,Day 1,45.0,8.0,0.5,"High / pec load 10 at 30-8 throws, snapsnap rocker X 5, self toss X 5",,
Week 9,Day 1,60.0,8.0,0.6,"Figure 8 rocker 25% of throws, half kneel start 25% of throws, in the hole 25% of throws, step back 25% of throws",,
Week 9,Day 1,75.0,5.0,0.7,"QB drop back 50% throws, lateral bound 50% throws",,
Week 9,Day 1,90.0,5.0,0.75,,,
Week 9,Day 1,105.0,8.0,0.8,,,
Week 9,Day 1,120.0,5.0,0.85,,,
Week 9,Day 1,105.0,3.0,1.0,pulldown,,
Week 9,Day 1,90.0,3.0,1.0,pulldown,,
Week 9,Day 1,60.0,10.0,0.75,pitch grips,,
Week 9,Day 1,60.0,30.0,0.85,mix in change ; ramp up intensity of FB (85-90%),,4815
Week 9,Day 2,45.0,10.0,0.5,"High / pec load 10 at 30-8 throws, snapsnap rocker X 5, self toss X 5",,
Week 9,Day 2,60.0,5.0,0.6,"Figure 8 rocker 25% of throws, half kneel start 25% of throws, in the hole 25% of throws, step back 25% of throws",,
Week 9,Day 2,75.0,8.0,0.7,"QB drop back 50% throws, lateral bound 50% throws",,
Week 9,Day 2,90.0,8.0,0.75,,,
Week 9,Day 2,105.0,15.0,0.8,,,2625
Week 9,Day 3,45.0,10.0,0.5,"High / pec load 10 at 30-8 throws, snapsnap rocker X 5, self toss X 5",,
Week 9,Day 3,60.0,5.0,0.6,"Figure 8 rocker 25% of throws, half kneel start 25% of throws, in the hole 25% of throws, step back 25% of throws",,
Week 9,Day 3,75.0,8.0,0.7,"QB drop back 50% throws, lateral bound 50% throws",,
Week 9,Day 3,90.0,8.0,0.75,,,1365
Week 9,Day 4,45.0,8.0,0.5,"High / pec load 10 at 30-8 throws, snapsnap rocker X 5, self toss X 5",,
Week 9,Day 4,60.0,8.0,0.6,"Figure 8 rocker 25% of throws, half kneel start 25% of throws, in the hole 25% of throws, step back 25% of throws",,
Week 9,Day 4,75.0,5.0,0.7,"QB drop back 50% throws, lateral bound 50% throws",,
Week 9,Day 4,90.0,5.0,0.75,,,
Week 9,Day 4,105.0,8.0,0.8,,,
Week 9,Day 4,120.0,5.0,0.85,,,
Week 9,Day 4,105.0,3.0,1.0,pulldown,,
Week 9,Day 4,90.0,3.0,1.0,pulldown,,
Week 9,Day 4,60.0,10.0,0.75,pitch grips,,
Week 9,Day 4,60.0,30.0,0.85,mix in change ; ramp up intensity of FB (85-90%),,4815
Week 9,WEEK TOTAL,,,,,,13620
Week 10,Day 1,45.0,8.0,0.5,"High / pec load 10 at 30-8 throws, snapsnap rocker X 5, self toss X 5",,
Week 10,Day 1,60.0,8.0,0.6,"Figure 8 rocker 25% of throws, half kneel start 25% of throws, in the hole 25% of throws, step back 25% of throws",,
Week 10,Day 1,75.0,5.0,0.7,"QB drop back 50% throws, lateral bound 50% throws",,
Week 10,Day 1,90.0,5.0,0.75,,,
Week 10,Day 1,105.0,8.0,0.8,,,
Week 10,Day 1,120.0,5.0,0.85,,,
Week 10,Day 1,105.0,3.0,1.0,pulldown,,
Week 10,Day 1,90.0,3.0,1.0,pulldown,,
Week 10,Day 1,60.0,10.0,0.75,pitch grips,,
Week 10,Day 1,60.0,40.0,0.9,mix in change ; ramp up intensity of FB (90%),,5445
Week 10,Day 2,45.0,10.0,0.5,"High / pec load 10 at 30-8 throws, snapsnap rocker X 5, self toss X 5",,
Week 10,Day 2,60.0,5.0,0.6,"Figure 8 rocker 25% of throws, half kneel start 25% of throws, in the hole 25% of throws, step back 25% of throws",,
Week 10,Day 2,75.0,8.0,0.7,"QB drop back 50% throws, lateral bound 50% throws",,
Week 10,Day 2,90.0,8.0,0.75,,,
Week 10,Day 2,105.0,15.0,0.8,,,2625
Week 10,Day 3,45.0,10.0,0.5,"High / pec load 10 at 30-8 throws, snapsnap rocker X 5, self toss X 5",,
Week 10,Day 3,60.0,5.0,0.6,"Figure 8 rocker 25% of throws, half kneel start 25% of throws, in the hole 25% of throws, step back 25% of throws",,
Week 10,Day 3,75.0,8.0,0.7,"QB drop back 50% throws, lateral bound 50% throws",,
Week 10,Day 3,90.0,8.0,0.75,,,1365
Week 10,Day 4,45.0,8.0,0.5,"High / pec load 10 at 30-8 throws, snapsnap rocker X 5, self toss X 5",,
Week 10,Day 4,60.0,8.0,0.6,"Figure 8 rocker 25% of throws, half kneel start 25% of throws, in the hole 25% of throws, step back 25% of throws",,
Week 10,Day 4,75.0,5.0,0.7,"QB drop back 50% throws, lateral bound 50% throws",,
Week 10,Day 4,90.0,5.0,0.75,,,
Week 10,Day 4,105.0,8.0,0.8,,,
Week 10,Day 4,120.0,5.0,0.85,,,
Week 10,Day 4,105.0,3.0,1.0,pulldown,,
Week 10,Day 4,90.0,3.0,1.0,pulldown,,
Week 10,Day 4,60.0,10.0,0.75,pitch grips,,
Week 10,Day 4,60.0,20.0,0.8,mix in change up/breaking stuff ; FB mech feel around 80 % more focus on pitch shape blending,,4245
Week 10,WEEK TOTAL,,,,,,13680
Week 11,Day 1,45.0,8.0,0.5,"High / pec load 10 at 30-8 throws, snapsnap rocker X 5, self toss X 5",,
Week 11,Day 1,60.0,8.0,0.6,"Figure 8 rocker 25% of throws, half kneel start 25% of throws, in the hole 25% of throws, step back 25% of throws",,
Week 11,Day 1,75.0,5.0,0.7,"QB drop back 50% throws, lateral bound 50% throws",,
Week 11,Day 1,90.0,5.0,0.75,,,
Week 11,Day 1,105.0,8.0,0.8,,,
Week 11,Day 1,120.0,5.0,0.85,,,
Week 11,Day 1,105.0,3.0,1.0,pulldown,,
Week 11,Day 1,90.0,3.0,1.0,pulldown,,
Week 11,Day 1,60.0,10.0,0.75,pitch grips,,
Week 11,Day 1,60.0,45.0,0.95,All pitches; FB sitting 90-95 %,,5850
Week 11,Day 2,45.0,10.0,0.5,"High / pec load 10 at 30-8 throws, snapsnap rocker X 5, self toss X 5",,
Week 11,Day 2,60.0,5.0,0.6,"Figure 8 rocker 25% of throws, half kneel start 25% of throws, in the hole 25% of throws, step back 25% of throws",,
Week 11,Day 2,75.0,8.0,0.7,"QB drop back 50% throws, lateral bound 50% throws",,
Week 11,Day 2,90.0,8.0,0.75,,,
Week 11,Day 2,105.0,15.0,0.8,,,2625
Week 11,Day 3,45.0,10.0,0.5,"High / pec load 10 at 30-8 throws, snapsnap rocker X 5, self toss X 5",,
Week 11,Day 3,60.0,5.0,0.6,"Figure 8 rocker 25% of throws, half kneel start 25% of throws, in the hole 25% of throws, step back 25% of throws",,
Week 11,Day 3,75.0,8.0,0.7,"QB drop back 50% throws, lateral bound 50% throws",,
Week 11,Day 3,90.0,8.0,0.75,,,1365
Week 11,Day 4,45.0,8.0,0.5,"High / pec load 10 at 30-8 throws, snapsnap rocker X 5, self toss X 5",,
Week 11,Day 4,60.0,8.0,0.6,"Figure 8 rocker 25% of throws, half kneel start 25% of throws, in the hole 25% of throws, step back 25% of throws",,
Week 11,Day 4,75.0,5.0,0.7,"QB drop back 50% throws, lateral bound 50% throws",,
Week 11,Day 4,90.0,5.0,0.75,,,
Week 11,Day 4,105.0,8.0,0.8,,,
Week 11,Day 4,120.0,8.0,0.85,,,
Week 11,Day 4,105.0,5.0,1.0,pulldown,,
Week 11,Day 4,90.0,5.0,1.0,pulldown,,
Week 11,Day 4,60.0,20.0,0.8,Command pen all pitches,,4491
Week 11,WEEK TOTAL,,,,,,14331
Week 12,Day 1,45.0,8.0,0.5,"High / pec load 10 at 30-8 throws, snapsnap rocker X 5, self toss X 5",,
Week 12,Day 1,60.0,8.0,0.6,"Figure 8 rocker 25% of throws, half kneel start 25% of throws, in the hole 25% of throws, step back 25% of throws",,
Week 12,Day 1,75.0,5.0,0.7,"QB drop back 50% throws, lateral bound 50% throws",,
Week 12,Day 1,90.0,5.0,0.75,,,
Week 12,Day 1,105.0,8.0,0.8,,,
Week 12,Day 1,120.0,5.0,0.85,,,
Week 12,Day 1,105.0,3.0,1.0,pulldown,,
Week 12,Day 1,90.0,3.0,1.0,pulldown,,
Week 12,Day 1,60.0,10.0,0.75,pitch grips,,
Week 12,Day 1,60.0,50.0,0.95,All pitches; FB sitting 90-95 %,,6135
Week 12,Day 2,45.0,10.0,0.5,"High / pec load 10 at 30-8 throws, snapsnap rocker X 5, self toss X 5",,
Week 12,Day 2,60.0,5.0,0.6,"Figure 8 rocker 25% of throws, half kneel start 25% of throws, in the hole 25% of throws, step back 25% of throws",,
Week 12,Day 2,75.0,8.0,0.7,"QB drop back 50% throws, lateral bound 50% throws",,
Week 12,Day 2,90.0,8.0,0.75,,,
Week 12,Day 2,105.0,15.0,0.8,,,2625
Week 12,Day 3,45.0,10.0,0.5,"High / pec load 10 at 30-8 throws, snapsnap rocker X 5, self toss X 5",,
Week 12,Day 3,60.0,5.0,0.6,"Figure 8 rocker 25% of throws, half kneel start 25% of throws, in the hole 25% of throws, step back 25% of throws",,
Week 12,Day 3,75.0,8.0,0.7,"QB drop back 50% throws, lateral bound 50% throws",,
Week 12,Day 3,90.0,8.0,0.75,,,1365
Week 12,Day 4,45.0,8.0,0.5,"High / pec load 10 at 30-8 throws, snapsnap rocker X 5, self toss X 5",,
Week 12,Day 4,60.0,8.0,0.6,"Figure 8 rocker 25% of throws, half kneel start 25% of throws, in the hole 25% of throws, step back 25% of throws",,
Week 12,Day 4,75.0,5.0,0.7,"QB drop back 50% throws, lateral bound 50% throws",,
Week 12,Day 4,90.0,5.0,0.75,,,
Week 12,Day 4,105.0,8.0,0.8,,,
Week 12,Day 4,120.0,8.0,0.85,,,
Week 12,Day 4,105.0,5.0,1.0,pulldown,,
Week 12,Day 4,90.0,5.0,1.0,pulldown,,
Week 12,Day 4,60.0,20.0,0.8,Command pen all pitches,,4491
Week 12,WEEK TOTAL,,,,,,14616
